DMC Code,Color Name,HEX,R,G,B,RGB
B5200,Snow White,#FCFCFF,252,252,255,"252, 252, 255"
Blanc,White,#EEEEEE,238,238,238,"238, 238, 238"
Ecru,Ecru/off-white,#FFF7E7,255,247,231,"255, 247, 231"
White,White,#FFFFFF,255,255,255,"255, 255, 255"
150,Red - BRIGHT,#CF0053,207,0,83,"207, 0, 83"
151,Pink,#FFCBD7,255,203,215,"255, 203, 215"
152,Tawny - DK,#E1A1A1,225,161,161,"225, 161, 161"
153,Lilac,#EAC5EB,234,197,235,"234, 197, 235"
154,Red - VY DK,#4B233A,75,35,58,"75, 35, 58"
155,Forget-me-not Blue,#9774B6,151,116,182,"151, 116, 182"
156,Blue - MED,#8577B4,133,119,180,"133, 119, 180"
157,Blue - LT,#B5B8EA,181,184,234,"181, 184, 234"
158,Blue - DK,#393068,57,48,104,"57, 48, 104"
159,Petrol Blue - LT,#BCB5DE,188,181,222,"188, 181, 222"
160,Petrol Blue - MED,#8178A9,129,120,169,"129, 120, 169"
161,Petrol Blue - DK,#60568B,96,86,139,"96, 86, 139"
162,Baby Blue - LT,#CAE7F0,202,231,240,"202, 231, 240"
163,Green,#557A60,85,122,96,"85, 122, 96"
164,Green - LT,#BAE4B6,186,228,182,"186, 228, 182"
165,Green - BRIGHT,#E1F477,225,244,119,"225, 244, 119"
166,Lime Green,#ADC238,173,194,56,"173, 194, 56"
167,Khaki Brown,#855D31,133,93,49,"133, 93, 49"
168,Silver Gray,#B1AEB7,177,174,183,"177, 174, 183"
169,Pewter Gray,#827D7D,130,125,125,"130, 125, 125"
208,Lavender - VY DK,#9442A7,148,66,167,"148, 66, 167"
209,Lavender - DK,#BA72C6,186,114,198,"186, 114, 198"
210,Lavender - MED,#D49FE1,212,159,225,"212, 159, 225"
211,Lavender - LT,#E5BDED,229,189,237,"229, 189, 237"
221,Shell Pink - VY DK,#792631,121,38,49,"121, 38, 49"
223,Shell Pink - LT,#BB6864,187,104,100,"187, 104, 100"
224,Shell Pink - VY LT,#E2A598,226,165,152,"226, 165, 152"
225,Shell Pink - ULT VY LT,#F8D9CD,248,217,205,"248, 217, 205"
300,Mahogany - VY DK,#6C3116,108,49,22,"108, 49, 22"
301,Mahogany - MED,#AA5237,170,82,55,"170, 82, 55"
304,Red - MED,#A10C39,161,12,57,"161, 12, 57"
307,Lemon,#FDE949,253,233,73,"253, 233, 73"
309,Rose - DK,#BA2044,186,32,68,"186, 32, 68"
310,Black,#000000,0,0,0,"0, 0, 0"
311,Blue - MED,#002A64,0,42,100,"0, 42, 100"
312,Baby Blue - VY DK,#1F3279,31,50,121,"31, 50, 121"
315,Antique Mauve - MED DK,#7D4246,125,66,70,"125, 66, 70"
316,Antique Mauve - MED,#BC757F,188,117,127,"188, 117, 127"
317,Pewter Gray,#6D6469,109,100,105,"109, 100, 105"
318,Steel Gray - LT,#999B9D,153,155,157,"153, 155, 157"
319,Pistachio Green - VY DK,#3A553B,58,85,59,"58, 85, 59"
320,Pistachio Green - MED,#608C59,96,140,89,"96, 140, 89"
321,Red,#BD1136,189,17,54,"189, 17, 54"
322,Baby Blue,#3A609D,58,96,157,"58, 96, 157"
326,Rose - VY DK,#AC1C37,172,28,55,"172, 28, 55"
327,Violet,#5E0F77,94,15,119,"94, 15, 119"
333,Blue Violet - VY DK,#6E2E9B,110,46,155,"110, 46, 155"
334,Baby Blue - MED,#6085B8,96,133,184,"96, 133, 184"
335,Rose,#D63D57,214,61,87,"214, 61, 87"
336,Blue,#0C275E,12,39,94,"12, 39, 94"
340,Blue Violet - MED,#996DC3,153,109,195,"153, 109, 195"
341,Blue Violet - LT,#A39AD7,163,154,215,"163, 154, 215"
347,Salmon - VY DK,#AB1B33,171,27,51,"171, 27, 51"
349,Coral - DK,#C62C38,198,44,56,"198, 44, 56"
350,Coral - MED,#DE3F40,222,63,64,"222, 63, 64"
351,Coral,#ED625B,237,98,91,"237, 98, 91"
352,Coral - LT,#F78372,247,131,114,"247, 131, 114"
353,Peach,#FDB4A1,253,180,161,"253, 180, 161"
355,Terra Cotta - DK,#97382B,151,56,43,"151, 56, 43"
356,Terra Cotta - MED,#BE5C4B,190,92,75,"190, 92, 75"
367,Pistachio Green - DK,#446B45,68,107,69,"68, 107, 69"
368,Pistachio Green - LT,#7FC66D,127,198,109,"127, 198, 109"
369,Pistachio Green - VY LT,#CDEFA6,205,239,166,"205, 239, 166"
370,Mustard - MED,#917245,145,114,69,"145, 114, 69"
371,Mustard,#9F8352,159,131,82,"159, 131, 82"
372,Mustard - LT,#AD9564,173,149,100,"173, 149, 100"
400,Mahogany - DK,#813718,129,55,24,"129, 55, 24"
402,Mahogany - VY LT,#EF9E74,239,158,116,"239, 158, 116"
407,Desert Sand - DK,#B77159,183,113,89,"183, 113, 89"
413,Pewter Gray - DK,#4A4749,74,71,73,"74, 71, 73"
414,Steel Gray - DK,#766E72,118,110,114,"118, 110, 114"
415,Pearl Gray,#B8B9BD,184,185,189,"184, 185, 189"
420,Hazelnut Brown - DK,#855A30,133,90,48,"133, 90, 48"
422,Hazelnut Brown - LT,#C99A67,201,154,103,"201, 154, 103"
433,Brown - MED,#73421E,115,66,30,"115, 66, 30"
434,Brown - LT,#8F5332,143,83,50,"143, 83, 50"
435,Brown - VY LT,#A96538,169,101,56,"169, 101, 56"
436,Tan,#C78559,199,133,89,"199, 133, 89"
437,Tan - LT,#DAA26F,218,162,111,"218, 162, 111"
444,Lemon - DK,#F5BC13,245,188,19,"245, 188, 19"
445,Lemon - LT,#FCF999,252,249,153,"252, 249, 153"
451,Shell Gray - DK,#887773,136,119,115,"136, 119, 115"
452,Shell Gray - MED,#AD9994,173,153,148,"173, 153, 148"
453,Shell Gray - LT,#CCB8AA,204,184,170,"204, 184, 170"
469,Avocado Green,#5B6533,91,101,51,"91, 101, 51"
470,Avocado Green - LT,#72813E,114,129,62,"114, 129, 62"
471,Avocado Green - VY LT,#9EB357,158,179,87,"158, 179, 87"
472,Avocado Green - ULT LT,#D1DE75,209,222,117,"209, 222, 117"
498,Red - DK,#970B2C,151,11,44,"151, 11, 44"
500,Blue Green - VY DK,#1D362A,29,54,42,"29, 54, 42"
501,Blue Green - DK,#2F5446,47,84,70,"47, 84, 70"
502,Blue Green,#57826E,87,130,110,"87, 130, 110"
503,Blue Green - MED,#89B89F,137,184,159,"137, 184, 159"
504,Blue Green - VY LT,#ACDAC1,172,218,193,"172, 218, 193"
505,Grass Green - DK,#CEDDC1,206,221,193,"206, 221, 193"
517,Wedgewood - DK,#216285,33,98,133,"33, 98, 133"
518,Wedgewood - LT,#50819C,80,129,156,"80, 129, 156"
519,Sky Blue,#94B7CB,148,183,203,"148, 183, 203"
520,Fern Green - DK,#384526,56,69,38,"56, 69, 38"
522,Fern Green,#808B6E,128,139,110,"128, 139, 110"
523,Fern Green - LT,#959F7A,149,159,122,"149, 159, 122"
524,Fern Green - VY LT,#AEA78E,174,167,142,"174, 167, 142"
535,Ash Gray - VY LT,#4B4B49,75,75,73,"75, 75, 73"
543,Beige Brown - ULT VY LT,#EAD0B5,234,208,181,"234, 208, 181"
550,Violet - VY DK,#580E5C,88,14,92,"88, 14, 92"
552,Violet - MED,#902F99,144,47,153,"144, 47, 153"
553,Violet,#A449AC,164,73,172,"164, 73, 172"
554,Violet - LT,#DC9CDE,220,156,222,"220, 156, 222"
561,Jade - VY DK,#285E48,40,94,72,"40, 94, 72"
562,Jade - MED,#3B8C5A,59,140,90,"59, 140, 90"
563,Jade - LT,#6ED39A,110,211,154,"110, 211, 154"
564,Jade - VY LT,#95E4AF,149,228,175,"149, 228, 175"
580,Moss Green - DK,#355F0B,53,95,11,"53, 95, 11"
581,Moss Green,#838A29,131,138,41,"131, 138, 41"
597,Turquoise,#52ADAB,82,173,171,"82, 173, 171"
598,Turquoise - LT,#97D8D3,151,216,211,"151, 216, 211"
600,Cranberry - VY DK,#BF1C48,191,28,72,"191, 28, 72"
601,Cranberry - DK,#C62A53,198,42,83,"198, 42, 83"
602,Cranberry - MED,#D63F68,214,63,104,"214, 63, 104"
603,Cranberry,#ED5D84,237,93,132,"237, 93, 132"
604,Cranberry - LT,#F793B2,247,147,178,"247, 147, 178"
605,Cranberry - VY LT,#FBACC4,251,172,196,"251, 172, 196"
606,Orange-red - BRIGHT,#F70F00,247,15,0,"247, 15, 0"
608,Orange - BRIGHT,#FD480C,253,72,12,"253, 72, 12"
610,Drab Brown - DK,#6B5039,107,80,57,"107, 80, 57"
611,Drab Brown,#7C5F46,124,95,70,"124, 95, 70"
612,Drab Brown - LT,#A6885E,166,136,94,"166, 136, 94"
613,Drab Brown - VY LT,#B99F72,185,159,114,"185, 159, 114"
632,Desert Sand - ULT VY DK,#7F4232,127,66,50,"127, 66, 50"
640,Beige Gray - VY DK,#817868,129,120,104,"129, 120, 104"
642,Beige Gray - DK,#958D79,149,141,121,"149, 141, 121"
644,Beige Gray - MED,#C4BEA6,196,190,166,"196, 190, 166"
645,Beaver Gray - VY DK,#5D5D54,93,93,84,"93, 93, 84"
646,Beaver Gray - DK,#6B6860,107,104,96,"107, 104, 96"
647,Beaver Gray - MED,#908E85,144,142,133,"144, 142, 133"
648,Beaver Gray - LT,#A7A69F,167,166,159,"167, 166, 159"
666,Red - BRIGHT,#CE1B33,206,27,51,"206, 27, 51"
676,Old Gold - LT,#ECBF7D,236,191,125,"236, 191, 125"
677,Old Gold - VY LT,#F2DC9F,242,220,159,"242, 220, 159"
680,Old Gold - DK,#B07B46,176,123,70,"176, 123, 70"
699,Green,#075B26,7,91,38,"7, 91, 38"
700,Green - BRIGHT,#076C34,7,108,52,"7, 108, 52"
701,Green - LT,#217C36,33,124,54,"33, 124, 54"
702,Kelly Green,#379130,55,145,48,"55, 145, 48"
703,Chartreuse,#63B330,99,179,48,"99, 179, 48"
704,Chartreuse - BRIGHT,#88C53A,136,197,58,"136, 197, 58"
712,Cream,#F6EFDA,246,239,218,"246, 239, 218"
718,Plum,#CB2089,203,32,137,"203, 32, 137"
720,Orange Spice - DK,#C83A24,200,58,36,"200, 58, 36"
721,Orange Spice - MED,#F46440,244,100,64,"244, 100, 64"
722,Orange Spice - LT,#F98756,249,135,86,"249, 135, 86"
725,Topaz,#F9C15B,249,193,91,"249, 193, 91"
726,Topaz - LT,#FDDB63,253,219,99,"253, 219, 99"
727,Topaz - VY LT,#FDE98B,253,233,139,"253, 233, 139"
728,Golden Yellow,#F2AE3F,242,174,63,"242, 174, 63"
729,Old Gold - MED,#CE9657,206,150,87,"206, 150, 87"
730,Olive Green - VY DK,#63520B,99,82,11,"99, 82, 11"
731,Olive Green - DK,#6B580B,107,88,11,"107, 88, 11"
732,Olive Green,#725C0C,114,92,12,"114, 92, 12"
733,Olive Green - MED,#A78A44,167,138,68,"167, 138, 68"
734,Olive Green - LT,#BB9C54,187,156,84,"187, 156, 84"
738,Tan - VY LT,#E2B783,226,183,131,"226, 183, 131"
739,Tan - ULT VY LT,#F2DEB9,242,222,185,"242, 222, 185"
740,Tangerine,#FD6F1A,253,111,26,"253, 111, 26"
741,Tangerine - MED,#FC8B10,252,139,16,"252, 139, 16"
742,Tangerine - LT,#FDAE3C,253,174,60,"253, 174, 60"
743,Yellow - MED,#FDD769,253,215,105,"253, 215, 105"
744,Yellow - PALE,#FEE88D,254,232,141,"254, 232, 141"
745,Yellow - LT PALE,#FEEBA5,254,235,165,"254, 235, 165"
746,Off White,#FAF2D5,250,242,213,"250, 242, 213"
747,Sky Blue - VY LT,#CEE9EA,206,233,234,"206, 233, 234"
754,Peach - LT,#F7C9B0,247,201,176,"247, 201, 176"
758,Terra Cotta - VY LT,#E99F83,233,159,131,"233, 159, 131"
760,Salmon,#EC8880,236,136,128,"236, 136, 128"
761,Salmon - LT,#F8B4AD,248,180,173,"248, 180, 173"
762,Pearl Gray - VY LT,#D1D0D2,209,208,210,"209, 208, 210"
772,Yellow Green - VY LT,#D7EFA7,215,239,167,"215, 239, 167"
775,Baby Blue - VY LT,#D4E3EF,212,227,239,"212, 227, 239"
776,Pink - MED,#FCA8AD,252,168,173,"252, 168, 173"
777,Red - DEEP,#9B0042,155,0,66,"155, 0, 66"
778,Antique Mauve - VY LT,#DCA6A4,220,166,164,"220, 166, 164"
779,Brown,#53332D,83,51,45,"83, 51, 45"
780,Topaz - ULT VY DK,#945026,148,80,38,"148, 80, 38"
781,Topaz - VY DK,#A25F1F,162,95,31,"162, 95, 31"
782,Topaz - DK,#B26923,178,105,35,"178, 105, 35"
783,Topaz - MED,#D0883D,208,136,61,"208, 136, 61"
791,Cornflower Blue - VY DK,#2D2068,45,32,104,"45, 32, 104"
792,Cornflower Blue - DK,#454B8B,69,75,139,"69, 75, 139"
793,Cornflower Blue - MED,#7C82B5,124,130,181,"124, 130, 181"
794,Cornflower Blue - LT,#A0B2D7,160,178,215,"160, 178, 215"
796,Royal Blue - DK,#272276,39,34,118,"39, 34, 118"
797,Royal Blue,#2B3288,43,50,136,"43, 50, 136"
798,Delft Blue - DK,#4E5CA7,78,92,167,"78, 92, 167"
799,Delft Blue - MED,#6B7FC0,107,127,192,"107, 127, 192"
800,Delft Blue - PALE,#B5C7E9,181,199,233,"181, 199, 233"
801,Coffee Brown - DK,#60391D,96,57,29,"96, 57, 29"
803,Blue - DEEP,#202754,32,39,84,"32, 39, 84"
806,Peacock Blue - DK,#1D6C87,29,108,135,"29, 108, 135"
807,Peacock Blue,#558B9E,85,139,158,"85, 139, 158"
809,Delft Blue,#919FD5,145,159,213,"145, 159, 213"
813,Blue - LT,#7FA0C6,127,160,198,"127, 160, 198"
814,Garnet - DK,#711033,113,16,51,"113, 16, 51"
815,Garnet - MED,#800B34,128,11,52,"128, 11, 52"
816,Garnet,#921238,146,18,56,"146, 18, 56"
817,Coral Red - VY DK,#BB1630,187,22,48,"187, 22, 48"
818,Baby Pink,#FEDEDD,254,222,221,"254, 222, 221"
819,Baby Pink - LT,#FCEBDE,252,235,222,"252, 235, 222"
820,Royal Blue - VY DK,#151264,21,18,100,"21, 18, 100"
822,Beige Gray - LT,#E8DFC7,232,223,199,"232, 223, 199"
823,Blue - DK,#000B44,0,11,68,"0, 11, 68"
824,Blue - VY DK,#284779,40,71,121,"40, 71, 121"
825,Blue - DK,#34588F,52,88,143,"52, 88, 143"
826,Blue - MED,#5075A7,80,117,167,"80, 117, 167"
827,Blue - VY LT,#A4C1DE,164,193,222,"164, 193, 222"
828,Blue - ULT VY LT,#C3D7E6,195,215,230,"195, 215, 230"
829,Golden Olive - VY DK,#64480C,100,72,12,"100, 72, 12"
830,Golden Olive - DK,#6E501D,110,80,29,"110, 80, 29"
831,Golden Olive - MED,#7C5F20,124,95,32,"124, 95, 32"
832,Golden Olive,#9C7230,156,114,48,"156, 114, 48"
833,Golden Olive - LT,#B99956,185,153,86,"185, 153, 86"
834,Golden Olive - VY LT,#D2B468,210,180,104,"210, 180, 104"
838,Beige Brown - VY DK,#4A3021,74,48,33,"74, 48, 33"
839,Beige Brown - DK,#5A3C2D,90,60,45,"90, 60, 45"
840,Beige Brown - MED,#7A5939,122,89,57,"122, 89, 57"
841,Beige Brown - LT,#A37D64,163,125,100,"163, 125, 100"
842,Beige Brown - VY LT,#CBB094,203,176,148,"203, 176, 148"
844,Beaver Gray - ULT DK,#494842,73,72,66,"73, 72, 66"
868,Hazel Nut Brown,#995C30,153,92,48,"153, 92, 48"
869,Hazelnut Brown - VY DK,#784C28,120,76,40,"120, 76, 40"
890,Pistachio Green - ULT DK,#324233,50,66,51,"50, 66, 51"
891,Carnation - DK,#EE3246,238,50,70,"238, 50, 70"
892,Carnation - MED,#F44753,244,71,83,"244, 71, 83"
893,Carnation - LT,#F66879,246,104,121,"246, 104, 121"
894,Carnation - VY LT,#FD95A3,253,149,163,"253, 149, 163"
895,Hunter Green - VY DK,#344B2E,52,75,46,"52, 75, 46"
898,Coffee Brown - VY DK,#532F1B,83,47,27,"83, 47, 27"
899,Rose - MED,#EA6B78,234,107,120,"234, 107, 120"
900,Burnt Orange - DK,#C63117,198,49,23,"198, 49, 23"
902,Garnet - VY DK,#651329,101,19,41,"101, 19, 41"
904,Parrot Green - VY DK,#386324,56,99,36,"56, 99, 36"
905,Parrot Green - DK,#467924,70,121,36,"70, 121, 36"
906,Parrot Green - MED,#6C9E29,108,158,41,"108, 158, 41"
907,Parrot Green - LT,#9DC72D,157,199,45,"157, 199, 45"
909,Emerald Green - VY DK,#106B43,16,107,67,"16, 107, 67"
910,Emerald Green - DK,#10814E,16,129,78,"16, 129, 78"
911,Emerald Green - MED,#109256,16,146,86,"16, 146, 86"
912,Emerald Green - LT,#36B26B,54,178,107,"54, 178, 107"
913,Nile Green - MED,#55CA7D,85,202,125,"85, 202, 125"
915,Plum - DK,#95085A,149,8,90,"149, 8, 90"
917,Plum - MED,#AC1071,172,16,113,"172, 16, 113"
918,Red Copper - DK,#883630,136,54,48,"136, 54, 48"
919,Red Copper,#9B371B,155,55,27,"155, 55, 27"
920,Copper - MED,#AB4836,171,72,54,"171, 72, 54"
921,Copper,#C0573D,192,87,61,"192, 87, 61"
922,Copper - LT,#DD6E4C,221,110,76,"221, 110, 76"
924,Gray Green - VY DK,#384A4A,56,74,74,"56, 74, 74"
926,Gray Green - MED,#617674,97,118,116,"97, 118, 116"
927,Gray Green - LT,#9FA8A5,159,168,165,"159, 168, 165"
928,Gray Green - VY LT,#C0C6C0,192,198,192,"192, 198, 192"
930,Antique Blue - DK,#495C6B,73,92,107,"73, 92, 107"
931,Antique Blue - MED,#667684,102,118,132,"102, 118, 132"
932,Antique Blue - LT,#93A0AF,147,160,175,"147, 160, 175"
934,Avocado Green - BLACK,#323324,50,51,36,"50, 51, 36"
935,Avocado Green - DK,#383A2A,56,58,42,"56, 58, 42"
936,Avocado Green - VY DK,#3F4227,63,66,39,"63, 66, 39"
937,Avocado Green - MED,#434F2C,67,79,44,"67, 79, 44"
938,Coffee Brown - ULT DK,#45271A,69,39,26,"69, 39, 26"
939,Blue - VY DK,#09092F,9,9,47,"9, 9, 47"
943,Aquamarine - MED,#009A77,0,154,119,"0, 154, 119"
945,Tawny,#F6C19A,246,193,154,"246, 193, 154"
946,Burnt Orange - MED,#ED4115,237,65,21,"237, 65, 21"
947,Burnt Orange,#FC4F16,252,79,22,"252, 79, 22"
948,Peach - VY LT,#FDE6D3,253,230,211,"253, 230, 211"
950,Desert Sand - LT,#E5AC8D,229,172,141,"229, 172, 141"
951,Tawny - LT,#FADDB6,250,221,182,"250, 221, 182"
954,Nile Green,#6FDA8A,111,218,138,"111, 218, 138"
955,Nile Green - LT,#A8EBAD,168,235,173,"168, 235, 173"
956,Geranium,#F7566D,247,86,109,"247, 86, 109"
957,Geranium - PALE,#FD99AF,253,153,175,"253, 153, 175"
958,Seagreen - DK,#0DB294,13,178,148,"13, 178, 148"
959,Seagreen - MED,#72D0B7,114,208,183,"114, 208, 183"
961,Dusty Rose - DK,#DE586C,222,88,108,"222, 88, 108"
962,Dusty Rose - MED,#EB7183,235,113,131,"235, 113, 131"
963,Dusty Rose - ULT VY LT,#FDCCD1,253,204,209,"253, 204, 209"
964,Seagreen - LT,#A5E4D4,165,228,212,"165, 228, 212"
966,Baby Green - MED,#94D28A,148,210,138,"148, 210, 138"
967,Peach - LT,#FFC2AC,255,194,172,"255, 194, 172"
970,Pumpkin - LT,#FB6721,251,103,33,"251, 103, 33"
971,Pumpkin,#FC670D,252,103,13,"252, 103, 13"
972,Canary - DEEP,#FB9F11,251,159,17,"251, 159, 17"
973,Canary - BRIGHT,#FCCD2D,252,205,45,"252, 205, 45"
975,Golden Brown - DK,#813C11,129,60,17,"129, 60, 17"
976,Golden Brown - MED,#CF7532,207,117,50,"207, 117, 50"
977,Golden Brown - LT,#EC8F43,236,143,67,"236, 143, 67"
986,Forest Green - VY DK,#2E5230,46,82,48,"46, 82, 48"
987,Forest Green - DK,#436838,67,104,56,"67, 104, 56"
988,Forest Green - MED,#66924A,102,146,74,"102, 146, 74"
989,Forest Green,#71A74E,113,167,78,"113, 167, 78"
991,Aquamarine - DK,#135F55,19,95,85,"19, 95, 85"
992,Aquamarine - LT,#42B59E,66,181,158,"66, 181, 158"
993,Aquamarine - VY LT,#62D8B6,98,216,182,"98, 216, 182"
995,Electric Blue - DK,#0061B0,0,97,176,"0, 97, 176"
996,Electric Blue - MED,#49A8EB,73,168,235,"73, 168, 235"
3011,Khaki Green - DK,#655935,101,89,53,"101, 89, 53"
3012,Khaki Green - MED,#8B7B4E,139,123,78,"139, 123, 78"
3013,Khaki Green - LT,#AFA97B,175,169,123,"175, 169, 123"
3021,Brown Gray - VY DK,#50403B,80,64,59,"80, 64, 59"
3022,Brown Gray - MED,#848274,132,130,116,"132, 130, 116"
3023,Brown Gray - LT,#A29B86,162,155,134,"162, 155, 134"
3024,Brown Gray - VY LT,#BEB8AC,190,184,172,"190, 184, 172"
3031,Mocha Brown - VY DK,#423014,66,48,20,"66, 48, 20"
3032,Mocha Brown - MED,#9D8868,157,136,104,"157, 136, 104"
3033,Mocha Brown - VY LT,#DBC7AD,219,199,173,"219, 199, 173"
3041,Antique Violet - MED,#866A76,134,106,118,"134, 106, 118"
3042,Antique Violet - LT,#AF98A0,175,152,160,"175, 152, 160"
3045,Yellow Beige - DK,#AF8152,175,129,82,"175, 129, 82"
3046,Yellow Beige - MED,#CEB074,206,176,116,"206, 176, 116"
3047,Yellow Beige - LT,#EAD8AB,234,216,171,"234, 216, 171"
3051,Green Gray - DK,#4C4C1E,76,76,30,"76, 76, 30"
3052,Green Gray - MED,#787E5C,120,126,92,"120, 126, 92"
3053,Green Gray,#999D75,153,157,117,"153, 157, 117"
3064,Desert Sand,#BA7056,186,112,86,"186, 112, 86"
3072,Beaver Gray - VY LT,#D2D2CA,210,210,202,"210, 210, 202"
3078,Golden Yellow - VY LT,#FCF6B6,252,246,182,"252, 246, 182"
3325,Baby Blue - LT,#ADCDE7,173,205,231,"173, 205, 231"
3326,Rose - LT,#F9979C,249,151,156,"249, 151, 156"
3328,Salmon - DK,#BE444A,190,68,74,"190, 68, 74"
3340,Apricot - MED,#FD6B4F,253,107,79,"253, 107, 79"
3341,Apricot,#FD8E78,253,142,120,"253, 142, 120"
3345,Hunter Green - DK,#40552E,64,85,46,"64, 85, 46"
3346,Hunter Green,#56743B,86,116,59,"86, 116, 59"
3347,Yellow Green - MED,#6D9646,109,150,70,"109, 150, 70"
3348,Yellow Green - LT,#BEDF74,190,223,116,"190, 223, 116"
3350,Dusty Rose - ULT DK,#AA3949,170,57,73,"170, 57, 73"
3354,Dusty Rose - LT,#EFA5AC,239,165,172,"239, 165, 172"
3362,Pine Green - DK,#49523C,73,82,60,"73, 82, 60"
3363,Pine Green - MED,#617451,97,116,81,"97, 116, 81"
3364,Pine Green,#8E9B6D,142,155,109,"142, 155, 109"
3371,Black Brown,#36220E,54,34,14,"54, 34, 14"
3607,Plum - LT,#D94C9D,217,76,157,"217, 76, 157"
3608,Plum - VY LT,#EC81BE,236,129,190,"236, 129, 190"
3609,Plum - ULT LT,#F6B0DF,246,176,223,"246, 176, 223"
3685,Mauve - VY DK,#79263B,121,38,59,"121, 38, 59"
3687,Mauve,#B5455D,181,69,93,"181, 69, 93"
3688,Mauve - MED,#DC7C86,220,124,134,"220, 124, 134"
3689,Mauve - LT,#F8BBC8,248,187,200,"248, 187, 200"
3705,Melon - DK,#F2494F,242,73,79,"242, 73, 79"
3706,Melon - MED,#FD6E70,253,110,112,"253, 110, 112"
3708,Melon - LT,#FDA0AE,253,160,174,"253, 160, 174"
3712,Salmon - MED,#D95D5D,217,93,93,"217, 93, 93"
3713,Salmon - VY LT,#FDD5D0,253,213,208,"253, 213, 208"
3716,Dusty Rose - VY LT,#FCAFB9,252,175,185,"252, 175, 185"
3721,Shell Pink - DK,#933B3D,147,59,61,"147, 59, 61"
3722,Shell Pink - MED,#A04B4C,160,75,76,"160, 75, 76"
3726,Antique Mauve - DK,#95565C,149,86,92,"149, 86, 92"
3727,Antique Mauve - LT,#DA9EA6,218,158,166,"218, 158, 166"
3731,Dusty Rose - VY DK,#C34C5C,195,76,92,"195, 76, 92"
3733,Dusty Rose,#EA7E86,234,126,134,"234, 126, 134"
3740,Antique Violet - DK,#71535D,113,83,93,"113, 83, 93"
3743,Antique Violet - VY LT,#CFC2C9,207,194,201,"207, 194, 201"
3746,Blue Violet - DK,#844AB5,132,74,181,"132, 74, 181"
3747,Blue Violet - VY LT,#D0C5EC,208,197,236,"208, 197, 236"
3750,Antique Blue - VY DK,#1D4552,29,69,82,"29, 69, 82"
3752,Antique Blue - VY LT,#BAC9CC,186,201,204,"186, 201, 204"
3753,Antique Blue - ULT VY LT,#D9E6EC,217,230,236,"217, 230, 236"
3755,Baby Blue (?),#81A5D8,129,165,216,"129, 165, 216"
3756,Baby Blue,#E9F4FA,233,244,250,"233, 244, 250"
3760,Wedgewood - MED,#467293,70,114,147,"70, 114, 147"
3761,Sky Blue - LT,#B1D0DF,177,208,223,"177, 208, 223"
3765,Peacock Blue - VY DK,#175E78,23,94,120,"23, 94, 120"
3766,Peacock Blue - LT,#4B8AA1,75,138,161,"75, 138, 161"
3768,Gray Green - DK,#4C605F,76,96,95,"76, 96, 95"
3770,Tawny - VY LT,#FEF1D8,254,241,216,"254, 241, 216"
3771,Peach - DK,#E8AC9B,232,172,155,"232, 172, 155"
3772,Desert Sand - VY DK,#995744,153,87,68,"153, 87, 68"
3773,Desert Sand - MED,#CF866D,207,134,109,"207, 134, 109"
3774,Desert Sand - VY LT,#F3CFB4,243,207,180,"243, 207, 180"
3776,Mahogany - LT,#C96444,201,100,68,"201, 100, 68"
3777,Terra Cotta - VY DK,#922F25,146,47,37,"146, 47, 37"
3778,Terra Cotta - LT,#D2705C,210,112,92,"210, 112, 92"
3779,Terra Cotta - ULT VY LT,#F2AB95,242,171,149,"242, 171, 149"
3781,Mocha Brown - DK,#593F2B,89,63,43,"89, 63, 43"
3782,Mocha Brown - LT,#B69D80,182,157,128,"182, 157, 128"
3787,Brown Gray - DK,#62524C,98,82,76,"98, 82, 76"
3790,Beige Gray - ULT DK,#6D5A4B,109,90,75,"109, 90, 75"
3799,Pewter Gray - VY DK,#39393D,57,57,61,"57, 57, 61"
3801,Melon - VY DK,#E4353D,228,53,61,"228, 53, 61"
3802,Antique Mauve - VY DK,#672A33,103,42,51,"103, 42, 51"
3803,Mauve - DK,#872A43,135,42,67,"135, 42, 67"
3804,Cyclamen Pink - DK,#CE2B63,206,43,99,"206, 43, 99"
3805,Cyclamen Pink,#DF3C73,223,60,115,"223, 60, 115"
3806,Cyclamen Pink - LT,#F15A91,241,90,145,"241, 90, 145"
3807,Cornflower Blue,#4B599E,75,89,158,"75, 89, 158"
3808,Turquoise - ULT VY DK,#03535C,3,83,92,"3, 83, 92"
3809,Turquoise - VY DK,#136A75,19,106,117,"19, 106, 117"
3810,Turquoise - DK,#2D8D98,45,141,152,"45, 141, 152"
3811,Turquoise - VY LT,#A8E2E5,168,226,229,"168, 226, 229"
3812,Seagreen - VY DK,#07A184,7,161,132,"7, 161, 132"
3813,Blue Green - LT,#86C3AB,134,195,171,"134, 195, 171"
3814,Aquamarine,#0B8673,11,134,115,"11, 134, 115"
3815,Celadon Green - DK,#437259,67,114,89,"67, 114, 89"
3816,Celadon Green,#60937A,96,147,122,"96, 147, 122"
3817,Celadon Green - LT,#81C6A4,129,198,164,"129, 198, 164"
3818,Emerald Green - ULT VY DK,#005D2E,0,93,46,"0, 93, 46"
3819,Moss Green - LT,#CCC959,204,201,89,"204, 201, 89"
3820,Straw - DK,#DBA53E,219,165,62,"219, 165, 62"
3821,Straw,#EBBB52,235,187,82,"235, 187, 82"
3822,Straw - LT,#F7D169,247,209,105,"247, 209, 105"
3823,Yellow - ULT PALE,#FEF5CD,254,245,205,"254, 245, 205"
3824,Apricot - LT,#FCAE99,252,174,153,"252, 174, 153"
3825,Pumpkin - PALE,#FEA370,254,163,112,"254, 163, 112"
3826,Golden Brown,#B16633,177,102,51,"177, 102, 51"
3827,Golden Brown - PALE,#EAA664,234,166,100,"234, 166, 100"
3828,Hazelnut Brown,#AA7C43,170,124,67,"170, 124, 67"
3829,Old Gold - VY DK,#A7671D,167,103,29,"167, 103, 29"
3830,Terra Cotta,#A94138,169,65,56,"169, 65, 56"
3831,Raspberry - DK,#C12B52,193,43,82,"193, 43, 82"
3832,Raspberry - MED,#E36370,227,99,112,"227, 99, 112"
3833,Raspberry - LT,#EA8B96,234,139,150,"234, 139, 150"
3834,Grape - DK,#6A2258,106,34,88,"106, 34, 88"
3835,Grape - MED,#924D78,146,77,120,"146, 77, 120"
3836,Grape - LT,#C597B9,197,151,185,"197, 151, 185"
3837,Lavender - ULT DK,#8A2A8F,138,42,143,"138, 42, 143"
3838,Lavender Blue - DK,#606BAD,96,107,173,"96, 107, 173"
3839,Lavender Blue - MED,#7A7EC5,122,126,197,"122, 126, 197"
3840,Lavender Blue - LT,#B2BDEA,178,189,234,"178, 189, 234"
3841,Baby Blue - PALE,#D9EAF2,217,234,242,"217, 234, 242"
3842,Wedgewood - DK,#06506A,6,80,106,"6, 80, 106"
3843,Electric Blue,#28A3DE,40,163,222,"40, 163, 222"
3844,Bright Turquoise - DK,#1F7FA0,31,127,160,"31, 127, 160"
3845,Bright Turquoise - MED,#2BADD1,43,173,209,"43, 173, 209"
3846,Bright Turquoise - LT,#5ECCEC,94,204,236,"94, 204, 236"
3847,Teal Green - DK,#186358,24,99,88,"24, 99, 88"
3848,Teal Green - MED,#207E72,32,126,114,"32, 126, 114"
3849,Teal Green - LT,#35B193,53,177,147,"53, 177, 147"
3850,Bright Green - DK,#208B46,32,139,70,"32, 139, 70"
3851,Bright Green - LT,#61BB84,97,187,132,"97, 187, 132"
3852,Straw - VY DK,#E3A730,227,167,48,"227, 167, 48"
3853,Autumn Gold - DK,#EF8125,239,129,37,"239, 129, 37"
3854,Autumn Gold - MED,#FBAC56,251,172,86,"251, 172, 86"
3855,Autumn Gold - LT,#FDDFA0,253,223,160,"253, 223, 160"
3856,Mahogany - ULT VY LT,#FDBE8E,253,190,142,"253, 190, 142"
3857,Rosewood - DK,#6A2F26,106,47,38,"106, 47, 38"
3858,Rosewood - MED,#803A32,128,58,50,"128, 58, 50"
3859,Rosewood - LT,#BA7A6C,186,122,108,"186, 122, 108"
3860,Cocoa,#896362,137,99,98,"137, 99, 98"
3861,Cocoa - LT,#AC8583,172,133,131,"172, 133, 131"
3862,Mocha Beige - DK,#6E492A,110,73,42,"110, 73, 42"
3863,Mocha Beige - MED,#94725D,148,114,93,"148, 114, 93"
3864,Mocha Beige - LT,#C9AA92,201,170,146,"201, 170, 146"
3865,Winter White,#FFFDF9,255,253,249,"255, 253, 249"
3866,Mocha Brown - ULT VY LT,#F0E6D7,240,230,215,"240, 230, 215"
